{"cameraMode":{"drawMode":0,"name":"Shaded","section":"Shading Mode"},"sceneLighting":false,"audioPlay":false,"sceneViewState":{"m_AlwaysRefresh":false,"showFog":true,"showSkybox":false,"showFlares":true,"showImageEffects":true,"showParticleSystems":true,"showVisualEffectGraphs":true,"m_FxEnabled":true},"in2DMode":false,"pivot":{"x":5.973819732666016,"y":9.201214790344239,"z":2.9230926036834719},"rotation":{"x":0.0941925197839737,"y":0.0013865234795957804,"z":0.0010138882789760829,"w":0.9955559372901917},"size":3.888939142227173,"orthographic":false}